Bibek,Siwakoti,bibeksiwakoti@gmail.com
Bibek,Siwakoti,test@gmail
Nolan,Arenado,nolanarenado@gmail.com
Ryan,Reynolds,ryanreynolds@gmail.com
Sean,Griffith,seangriffith@gmail.com
Ryan,Hunt,ryan@mail
Ryan,Lunt,ryanlunt@gmail.com
Chris,Stevens,christopherstevens@gmail.com
Austin,Daniels,austindaniels@gmail.com
Rockies,Colorado,coloradogmail
